<application>
  <component name="ProjectJdkTable">
    <jdk version="2">
      <name value="Python 3.13 (bgc_secretarial_system_v1)" />
      <type value="Python SDK" />
      <version value="Python 3.13.2" />
      <homePath value="$USER_HOME$/projects/bgc_secretarial_system_v1/venv/Scripts/python.exe" />
      <roots>
        <classPath>
          <root type="composite">
            <root url="file://$USER_HOME$/AppData/Local/Programs/Python/Python313/DLLs" type="simple" />
            <root url="file://$USER_HOME$/AppData/Local/Programs/Python/Python313/Lib" type="simple" />
            <root url="file://$USER_HOME$/AppData/Local/Programs/Python/Python313" type="simple" />
            <root url="file://$USER_HOME$/projects/bgc_secretarial_system_v1/venv" type="simple" />
            <root url="file://$USER_HOME$/projects/bgc_secretarial_system_v1/venv/Lib/site-packages" type="simple" />
            <root url="file://$USER_HOME$/AppData/Local/JetBrains/PyCharm2025.1/python_stubs/1662002509" type="simple" />
            <root url="file://$APPLICATION_HOME_DIR$/plugins/python-ce/helpers/python-skeletons" type="simple" />
            <root url="file://$APPLICATION_HOME_DIR$/plugins/python-ce/helpers/typeshed/stdlib" type="simple" />
          </root>
        </classPath>
        <sourcePath>
          <root type="composite" />
        </sourcePath>
      </roots>
      <additional ASSOCIATED_PROJECT_PATH="$USER_HOME$/projects/bgc_secretarial_system_v1" SDK_UUID="e138dde7-9b4b-49b4-a10c-4084ce9897c6">
        <setting name="FLAVOR_ID" value="UnknownFlavor" />
        <setting name="FLAVOR_DATA" value="{}" />
      </additional>
    </jdk>
  </component>
</application>