<keymap version="1" name="Emacs copy" parent="Emacs">
  <action id="ActivateTerminalToolWindow">
    <keyboard-shortcut first-keystroke="ctrl 5" />
  </action>
  <action id="EditorBackwardParagraph">
    <keyboard-shortcut first-keystroke="ctrl up" />
    <keyboard-shortcut first-keystroke="shift alt open_bracket" />
  </action>
  <action id="EditorForwardParagraph">
    <keyboard-shortcut first-keystroke="ctrl down" />
    <keyboard-shortcut first-keystroke="shift alt close_bracket" />
  </action>
  <action id="EmmetNextEditPoint" />
  <action id="EmmetPreviousEditPoint" />
  <action id="GotoBookmark5" />
</keymap>